{"_id":{"$oid":"56b0ba71c24a673969338819"},"keyword":"bomb","count":302985}
{"_id":{"$oid":"56b0ba71c24a67396933881a"},"keyword":"airstrike","count":12042}
{"_id":{"$oid":"56b0ba71c24a67396933881b"},"keyword":"jihad","count":17170}
{"_id":{"$oid":"56b0ba71c24a67396933881c"},"keyword":"exploded","count":1270}
{"_id":{"$oid":"56b0ba71c24a67396933881d"},"keyword":"unexploded","count":82}
{"_id":{"$oid":"56b0ba71c24a67396933881e"},"keyword":"mohammed","count":491}
{"_id":{"$oid":"56b0ba71c24a67396933881f"},"keyword":"emwazi","count":476}
{"_id":{"$oid":"56b0ba71c24a673969338820"},"keyword":"terrorist","count":23889}
{"_id":{"$oid":"56b0ba71c24a673969338821"},"keyword":"military","count":5977}
{"_id":{"$oid":"56b0ba71c24a673969338822"},"keyword":"isil","count":46879}
{"_id":{"$oid":"56b0ba71c24a673969338823"},"keyword":"isis","count":89067}
{"_id":{"$oid":"56b0ba71c24a673969338824"},"keyword":"islamist","count":2844}
{"_id":{"$oid":"56b0ba71c24a673969338825"},"keyword":"extremism","count":276}
{"_id":{"$oid":"56b0ba71c24a673969338826"},"keyword":"fundamentalist","count":99}
{"_id":{"$oid":"56b0ba71c24a673969338827"},"keyword":"fundamentalism","count":74}
{"_id":{"$oid":"56b0ba71c24a673969338828"},"keyword":"islamic state","count":133919}
{"_id":{"$oid":"56b0ba71c24a673969338829"},"keyword":"syria","count":38974}
{"_id":{"$oid":"56b0ba71c24a67396933882a"},"keyword":"execution","count":2045}
{"_id":{"$oid":"56b0ba71c24a67396933882b"},"keyword":"murder","count":3307}
{"_id":{"$oid":"56b0ba71c24a67396933882c"},"keyword":"murderer","count":508}
{"_id":{"$oid":"56b0ba71c24a67396933882d"},"keyword":"daesh","count":29077}
{"_id":{"$oid":"56b0ba71c24a67396933882e"},"keyword":"terror","count":43709}
{"_id":{"$oid":"56b0ba71c24a67396933882f"},"keyword":"attack","count":138913}
{"_id":{"$oid":"56b0ba71c24a673969338830"},"keyword":"target","count":14046}
{"_id":{"$oid":"56b0ba71c24a673969338831"},"keyword":"plot","count":896}
{"_id":{"$oid":"56b0ba71c24a673969338832"},"keyword":"ied","count":11338}
{"_id":{"$oid":"56b0ba71c24a673969338833"},"keyword":"afghanistan","count":2994}
{"_id":{"$oid":"56b0ba71c24a673969338834"},"keyword":"iran","count":4428}
{"_id":{"$oid":"56b0ba71c24a673969338835"},"keyword":"aqap","count":284}
{"_id":{"$oid":"56b0ba71c24a673969338836"},"keyword":"aqim","count":97}
{"_id":{"$oid":"56b0ba71c24a673969338837"},"keyword":"ttp","count":543441}
{"_id":{"$oid":"56b0ba71c24a673969338838"},"keyword":"plf","count":71}
{"_id":{"$oid":"56b0ba71c24a673969338839"},"keyword":"plo","count":12196}
{"_id":{"$oid":"56b0ba71c24a67396933883a"},"keyword":"al queda","count":41}
{"_id":{"$oid":"56b0ba71c24a67396933883b"},"keyword":"alqueda","count":14}
{"_id":{"$oid":"56b0ba71c24a67396933883c"},"keyword":"taliban","count":1637}
{"_id":{"$oid":"56b0ba71c24a67396933883d"},"keyword":"radicals","count":115}
{"_id":{"$oid":"56b0ba71c24a67396933883e"},"keyword":"hezbollah","count":1006}
{"_id":{"$oid":"56b0ba71c24a67396933883f"},"keyword":"hamas","count":221}
{"_id":{"$oid":"56b0ba71c24a673969338840"},"keyword":"iraq","count":25512}
{"_id":{"$oid":"56b0ba71c24a673969338841"},"keyword":"pirates","count":107}
